timestamp	commit	error_count	gates_passed	status	description
2026-03-21T16:53:19.712269470+00:00	a8766d8bdce92be563e80544dafbf7d29fce7f86	0	fmt,clippy,check	compile_clean_accept	agent failure path: wrote files, compile clean
2026-03-21T17:01:36.478102622+00:00	19c95f2076864f68c77931d5b7bdac5340e6a02e	0	fmt,clippy,check	compile_clean_accept	agent failure path: wrote files, compile clean
2026-03-22T05:52:13.451294566+00:00	c197858cace2daaf1ababd579dd41a3dfe788edc	0	fmt,clippy,check	compile_clean_accept	agent failure path: wrote files, compile clean
2026-03-22T06:15:21.351095085+00:00	fa6b62d5dd6f48adce4596a75a60003133d58881	0	fmt,clippy,check	compile_clean_accept	agent failure path: wrote files, compile clean
2026-03-23T03:19:40.665639519+00:00	ad332c2751b68c8b18fd258593d3b02d83a723da	0	fmt,clippy,check,test	success	all gates green
2026-03-23T04:25:16.008765016+00:00	a141a24195ce79a7e38667775294226a538a56d6	0	fmt,clippy,check	compile_clean_accept	agent failure path: wrote files, compile clean
2026-03-23T09:36:09.156826616+00:00	b4ae5f4f9dea033ffe1c847d6ece3c6c65901361	0	fmt,clippy,check,test	success	all gates green
2026-03-24T02:46:08.337144783+00:00	ee01403872a22313f8e63b9646eac14c5b1bd2a0	0	fmt,clippy,check	compile_clean_accept	agent failure path: wrote files, compile clean
2026-03-24T06:56:40.220331251+00:00	1e77ad2eb144d4c29bc29ef6e00fb9aa771831f6	0	fmt,clippy,check	compile_clean_accept	agent failure path: wrote files, compile clean
2026-03-24T07:26:14.948601850+00:00	c8fac99650e3ab2dbc6b0ff80e904d69cbd089b2	0	fmt,clippy,check	compile_clean_accept	agent failure path: wrote files, compile clean
